
INSERT INTO services (service_id, name, description, cost) 
VALUES
('S01', 'Limpieza Facial Profunda', 'Extracción, alta frecuencia y mascarilla', 75000),
('S02', 'Masaje Relajante', 'Piedras volcánicas y aceites esenciales', 65000),
('S03', 'Maderoterapia', 'Masaje reductor con elementos de madera', 55000),
('S04', 'Cavitación', 'Ultrasonido para grasa localizada', 90000),
('S05', 'Radiofrecuencia Facial', 'Estimulación de colágeno y elastina', 85000),
('S06', 'Depilación Axilas', 'Depilación con cera de miel y aloe', 25000),
('S07', 'Depilación Piernas', 'Depilación completa con cera fría', 50000),
('S08', 'Drenaje Linfático', 'Post-operatorio o desinflamatorio', 70000),
('S09', 'Peeling Químico', 'Renovación celular de capas profundas', 120000),
('S10', 'Hidratación con Velo', 'Colágeno para pieles secas', 45000),
('S11', 'Microdermoabrasión', 'Punta de diamante para cicatrices', 95000),
('S12', 'Levantamiento de Glúteos', 'Copas de succión y corrientes galvánicas', 80000),
('S13', 'Tratamiento Antiacné', 'Luz LED y productos seborreguladores', 85000),
('S14', 'Masaje Descontracturante', NULL, 75000),
('S15', 'Exfoliación Corporal', 'Sales marinas y aceites hidratantes', 60000),
('S16', 'Plasma Rico en Plaquetas', 'Rejuvenecimiento autólogo facial', 150000),
('S17', 'Vitamina C Facial', 'Antioxidante y luminosidad', 80000),
('S18', 'Gimnasia Pasiva', 'Tonificación muscular eléctrica', 40000),
('S19', 'Masaje de Cuello y Espalda', 'Focalizado en zonas de tensión', 45000),
('S20', 'Tratamiento Antimanchas', 'Despigmentante con activos especializados', 110000),
('S21', 'Limpieza Facial Básica', NULL, 50000);


INSERT INTO employees (employee_id, first_name, middle_name, first_last_name, second_last_name, phone, hiring_date, salary, status, certification, specialty, user_name, password, employee_admin_id) 
VALUES
('E01', 'Claudia', 'Patricia', 'Pérez', 'Bayona', '3151234567', '2021-01-10', 4500000.00, 'activo', 'Cosmiatra Superior', 'Administración', 'cperez', 'Claudia2026*', NULL),
('E02', 'Maira', 'Alejandra', 'García', 'Vergel', '3104567890', '2021-03-15', 1600000.00, 'activo', 'Terapeuta Masajista', 'Recepción', 'mgarcia', 'Maira123*', 'E01'),
('E03', 'Yulitza', 'Andrea', 'Barbosa', 'Sánchez', '3007891234', '2022-02-01', 1300000.00, 'activo', 'Esteticista', 'Corporales', NULL, NULL, 'E01'),
('E04', 'Dora', NULL, 'Carrascal', 'López', '3112345678', '2022-06-20', 1300000.00, 'activo', 'Esteticista', 'Depilación', NULL, NULL, 'E01'),
('E05', 'Liliana', 'Esther', 'Mendoza', 'Chinchilla', '3189998877', '2023-05-15', 1300000.00, 'inactivo', 'Esteticista Integral', 'Faciales', NULL, NULL, 'E01'),
('E06', 'Javier', 'Enrique', 'Claro', 'Arévalo', '3209876543', '2024-01-05', 2200000.00, 'activo', 'Fisioterapeuta', 'Rehabilitación', NULL, NULL, 'E01'),
('E07', 'Carlos', 'Alberto', 'Ríos', 'Ochoa', '3014445566', '2025-11-01', 1800000.00, 'inactivo', 'Masoterapeuta', 'Masajes Relajantes', NULL, NULL, 'E01'),
('E08', 'Mayerli', NULL, 'Parada', 'Tellez', '3256543210', '2026-02-10', 1450000.00, 'activo', 'Cosmetóloga', NULL, NULL, NULL, 'E01');


INSERT INTO customers (customer_id, first_name, middle_name, first_last_name, second_last_name, phone, birth_date) 
VALUES
('1091222002', 'Ricardo', 'Antonio', 'Bayona', 'Sanguino', '3114440002', '1992-11-20'),
('27555001', 'Marta', 'Lucía', 'Navarro', 'Quintero', '3125550001', '1961-04-10'),
('1092555666', 'Natalia', 'Sofía', 'Meza', 'Pacheco', '3116660016', '2009-07-19'),
('1091222012', 'Diana', 'Marcela', 'Reyes', 'Castellanos', '3149990012', '1990-05-22'),
('1116777888', 'Andrés', 'Felipe', 'Arévalo', 'Claro', '3138880008', '2009-12-01'),
('1091222005', 'Beatriz', 'Elena', 'Durán', 'Peñaranda', '3102220005', '1988-09-15'),
('51444002', 'Sully', NULL, 'Pacheco', 'Torres', '3017770003', '1964-07-05'),
('1091222014', 'Claudia', 'Jimena', 'Ovalle', 'Sepúlveda', '3223330014', '2002-01-08'),
('1091333444', 'Kelly', 'Johana', 'Mendoza', NULL, '3046660007', '1998-06-25'),
('1091222006', 'Luis', NULL, 'Vergel', 'Rueda', '3183330006', '1995-02-12'),
('1116000111', 'Emilio', 'José', 'Torrado', 'Bayona', '3137770021', '2010-03-31'),
('1091222010', 'Luisa', 'Fernanda', 'Molina', 'Navarro', '3024440010', '1976-10-30'),
('1091222004', 'Carlos', 'Andrés', 'Sanguino', 'Manzano', '3159990004', '2000-01-30'),
('8222019', 'Isabela', NULL, 'Carrascal', 'Arévalo', '3109990019', '1962-06-15'),
('1091222011', 'Paola', NULL, 'Galvis', 'Vergel', '3167770011', '1997-08-05'),
('1091222013', 'Gustavo', 'Adolfo', 'Pineda', 'García', '3191110013', '1983-09-14'),
('1095888999', 'Sandra', 'Milena', 'López', 'Barbosa', '3215550009', '2008-03-18'),
('1091222015', 'Oscar', 'Iván', 'Contreras', 'Carrascal', '3002220015', '1989-11-11'),
('1091222017', 'Fernando', 'José', 'Ortiz', 'Torres', '3128880017', '1982-04-03'),
('1091222018', 'Yuly', 'Tatiana', 'Vega', 'Mendoza', '3154440018', '1998-12-28'),
('1091222020', 'Maribel', 'Rocío', 'Gómez', 'Quintero', '3182220020', '1986-02-24'),
('1091222022', 'Yilber', 'Fabian', 'Guerrero', 'Trigos', '3152220022', '1993-04-18'),
('37888111', 'Rosa', 'Elena', 'Alvarez', 'Mendoza', '3124441111', '1963-09-05'),
('1092666777', 'Kevin', NULL, 'Santiago', 'Ibáñez', '3105552222', '2009-11-12'),
('1091222025', 'Karen', 'Juliana', 'Prado', 'Casadiego', '3187773333', '1999-07-25'),
('1116888999', 'Valentina', NULL, 'Pineda', 'Serrano', '3014444444', '2008-05-14'),
('60333222', 'Carmen', 'Alicia', 'Umaña', 'Quintana', '3143335555', '1965-01-30'),
('1091222028', 'Jhoan', 'Sebastian', 'Gaona', 'Trigos', '3208886666', '1996-12-05'),
('1091444555', 'Mayra', 'Alejandra', 'Chinchilla', NULL, '3139997777', '1995-03-22'),
('1091222030', 'Alvaro', 'José', 'Rangel', 'Cárdenas', '3221118888', '1984-08-14'),
('1091222031', 'Silvia', NULL, 'Ascanio', 'Pérez', '3005559999', '1991-10-02'),
('1116222333', 'Maria', 'José', 'Bautista', 'Mora', '3162221111', '2010-02-20'),
('40222333', 'Ligia', NULL, 'Arévalo', 'Sánchez', '3174442222', '1962-07-11'),
('1091222034', 'Brayan', 'Stiven', 'Mendoza', 'Torres', '3116663333', '2001-06-18'),
('1091222035', 'Ingrid', 'Vanessa', 'Peñaranda', 'García', '3159994444', '1994-11-30'),
('1095777888', 'Paula', 'Andrea', 'Becerra', 'Quintero', '3123335555', '2008-01-08'),
('1091222037', 'Edwin', NULL, 'Sandoval', 'Méndez', '3197776666', '1987-05-19'),
('1091222038', 'Angie', 'Milena', 'Sinuco', 'López', '3102227777', '1997-03-14'),
('1091222039', 'Ana', 'María', 'Páez', 'Buitrago', '3184448888', '1989-12-23'),
('1092888999', 'Valerie', 'Sofía', 'Vergel', 'Duarte', '3046669999', '2010-09-02'),
('1091222041', 'Tatiana', NULL, 'Coronel', 'Gélvez', '3215551111', '1992-02-27');;


INSERT INTO appointments (appointment_id, appointment_date, status, customer_id, service_id) 
VALUES
('C0001', '2020-06-15 08:30:00 -05', 'completada', '1091222002', 'S01'),
('C0002', '2020-12-18 15:00:00 -05', 'completada', '27555001', 'S02'),
('C0003', '2021-03-24 10:15:00 -05', 'completada', '1092555666', 'S03'),
('C0004', '2021-07-16 16:45:00 -05', 'completada', '1091222012', 'S04'),
('C0005', '2021-12-22 11:00:00 -05', 'completada', '1116777888', 'S05'),
('C0006', '2022-01-10 07:30:00 -05', 'cancelada', '1091222005', 'S06'),
('C0007', '2022-05-04 14:20:00 -05', 'completada', '51444002', 'S07'),
('C0008', '2022-08-19 09:00:00 -05', 'completada', '1091222014', 'S08'),
('C0009', '2022-12-23 15:30:00 -05', 'completada', '1091333444', 'S09'),
('C0010', '2023-02-14 10:00:00 -05', 'completada', '1091222006', 'S10'),
('C0011', '2023-06-20 16:10:00 -05', 'completada', '1116000111', 'S11'),
('C0012', '2023-11-03 08:45:00 -05', 'completada', '1091222010', 'S12'),
('C0013', '2023-12-20 14:00:00 -05', 'completada', '1091222004', 'S13'),
('C0014', '2024-01-15 11:15:00 -05', 'completada', '8222019', 'S14'),
('C0015', '2024-03-08 07:15:00 -05', 'completada', '1091222011', 'S15'),
('C0016', '2024-04-12 15:45:00 -05', 'completada', '1091222013', 'S16'),
('C0017', '2024-05-22 09:30:00 -05', 'completada', '1095888999', 'S17'),
('C0018', '2024-06-14 14:30:00 -05', 'completada', '1091222015', 'S18'),
('C0019', '2024-07-19 10:45:00 -05', 'cancelada', '1091222017', 'S19'),
('C0020', '2024-09-05 16:00:00 -05', 'completada', '1091222018', 'S20'),
('C0021', '2024-11-12 08:00:00 -05', 'completada', '1091222020', 'S21'),
('C0022', '2024-12-14 11:30:00 -05', 'completada', '1091222022', 'S01'),
('C0023', '2024-12-21 14:15:00 -05', 'completada', '37888111', 'S02'),
('C0024', '2024-12-28 16:30:00 -05', 'completada', '1092666777', 'S03'),
('C0025', '2025-01-18 09:15:00 -05', 'completada', '1091222025', 'S04'),
('C0026', '2025-02-20 15:00:00 -05', 'completada', '1116888999', 'S05'),
('C0027', '2025-03-11 10:30:00 -05', 'completada', '60333222', 'S06'),
('C0028', '2025-04-04 14:45:00 -05', 'completada', '1091222028', 'S07'),
('C0029', '2025-05-15 08:15:00 -05', 'completada', '1091444555', 'S08'),
('C0030', '2025-06-17 16:20:00 -05', 'completada', '1091222030', 'S09'),
('C0031', '2025-07-22 11:00:00 -05', 'completada', '1091222031', 'S10'),
('C0032', '2025-08-14 14:00:00 -05', 'completada', '1116222333', 'S11'),
('C0033', '2025-09-09 09:45:00 -05', 'completada', '40222333', 'S12'),
('C0034', '2025-10-23 15:30:00 -05', 'completada', '1091222034', 'S13'),
('C0035', '2025-11-14 10:15:00 -05', 'completada', '1091222035', 'S14'),
('C0036', '2025-12-11 07:45:00 -05', 'completada', '1095777888', 'S15'),
('C0037', '2025-12-19 16:45:00 -05', 'completada', '1091222037', 'S16'),
('C0038', '2025-12-23 11:30:00 -05', 'completada', '1091222038', 'S17'),
('C0039', '2025-12-30 14:30:00 -05', 'completada', '1091222039', 'S18'),
('C0040', '2026-01-15 09:00:00 -05', 'completada', '1092888999', 'S19'),
('C0041', '2026-02-11 15:15:00 -05', 'completada', '1091222041', 'S20'),
('C0042', '2026-03-04 10:00:00 -05', 'completada', '1091222002', 'S21'),
('C0043', '2026-03-25 16:00:00 -05', 'completada', '27555001', 'S05'),
('C0044', '2026-04-08 08:30:00 -05', 'completada', '1092555666', 'S12'),
('C0045', '2026-04-29 14:00:00 -05', 'completada', '1091222012', 'S01'),
('C0046', '2026-05-19 09:30:00 -05', 'programada', '1116777888', 'S08'),
('C0047', '2026-05-20 11:00:00 -05', 'programada', '1091222005', 'S14'),
('C0048', '2026-05-20 15:30:00 -05', 'programada', '51444002', 'S02'),
('C0049', '2026-05-22 08:00:00 -05', 'programada', '1091222014', 'S10'),
('C0050', '2026-05-25 16:15:00 -05', 'programada', '1091333444', 'S17');


INSERT INTO payments (payment_id, payment_method, payment_date, payment_amount, appointment_id) 
VALUES
('P0001', 'Efectivo', '2020-06-15 09:15:00 -05', 165000.00, 'C0001'),
('P0002', 'Tarjeta', '2020-12-18 16:10:00 -05', 85000.00, 'C0002'),
('P0003', 'Transferencia', '2021-03-24 11:00:00 -05', 50000.00, 'C0003'),
('P0004', 'Efectivo', '2021-12-22 12:30:00 -05', 250000.00, 'C0005'),
('P0005', 'Tarjeta', '2022-05-04 15:40:00 -05', 90000.00, 'C0007'),
('P0006', 'Transferencia', '2022-08-19 10:15:00 -05', 180000.00, 'C0008'),
('P0007', 'Efectivo', '2022-12-23 17:00:00 -05', 320000.00, 'C0009'),
('P0008', 'Tarjeta', '2023-02-14 11:15:00 -05', 75000.00, 'C0010'),
('P0009', 'Transferencia', '2023-06-20 17:25:00 -05', 115000.00, 'C0011'),
('P0010', 'Efectivo', '2023-11-03 09:30:00 -05', 60000.00, 'C0012'),
('P0011', 'Tarjeta', '2023-12-20 15:10:00 -05', 130000.00, 'C0013'),
('P0012', 'Efectivo', '2024-01-15 12:00:00 -05', 95000.00, 'C0014'),
('P0013', 'Transferencia', '2024-03-08 08:30:00 -05', 210000.00, 'C0015'),
('P0014', 'Tarjeta', '2024-04-12 16:50:00 -05', 140000.00, 'C0016'),
('P0015', 'Efectivo', '2024-05-22 10:20:00 -05', 55000.00, 'C0017'),
('P0016', 'Transferencia', '2024-06-14 15:45:00 -05', 300000.00, 'C0018'),
('P0017', 'Tarjeta', '2024-09-05 17:00:00 -05', 80000.00, 'C0020'),
('P0018', 'Efectivo', '2024-11-12 09:10:00 -05', 125000.00, 'C0021'),
('P0019', 'Transferencia', '2024-12-14 12:15:00 -05', 45000.00, 'C0022'),
('P0020', 'Tarjeta', '2024-12-21 15:30:00 -05', 145000.00, 'C0023'),
('P0021', 'Efectivo', '2024-12-28 17:15:00 -05', 50000.00, 'C0024'),
('P0022', 'Transferencia', '2025-01-18 10:30:00 -05', 220000.00, 'C0025'),
('P0023', 'Tarjeta', '2025-02-20 16:00:00 -05', 250000.00, 'C0026'),
('P0024', 'Efectivo', '2025-03-11 11:45:00 -05', 90000.00, 'C0027'),
('P0025', 'Transferencia', '2025-04-04 15:50:00 -05', 135000.00, 'C0028'),
('P0026', 'Tarjeta', '2025-05-15 09:20:00 -05', 180000.00, 'C0029'),
('P0027', 'Efectivo', '2025-06-17 17:30:00 -05', 320000.00, 'C0030'),
('P0028', 'Transferencia', '2025-07-22 12:05:00 -05', 75000.00, 'C0031'),
('P0029', 'Tarjeta', '2025-08-14 15:15:00 -05', 115000.00, 'C0032'),
('P0030', 'Efectivo', '2025-09-09 10:30:00 -05', 60000.00, 'C0033'),
('P0031', 'Transferencia', '2025-10-23 16:45:00 -05', 130000.00, 'C0034'),
('P0032', 'Tarjeta', '2025-11-14 11:20:00 -05', 95000.00, 'C0035'),
('P0033', 'Efectivo', '2025-12-11 08:30:00 -05', 210000.00, 'C0036'),
('P0034', 'Transferencia', '2025-12-19 17:45:00 -05', 140000.00, 'C0037'),
('P0035', 'Tarjeta', '2025-12-23 12:30:00 -05', 55000.00, 'C0038'),
('P0036', 'Efectivo', '2025-12-30 15:15:00 -05', 300000.00, 'C0039'),
('P0037', 'Transferencia', '2026-01-15 10:10:00 -05', 165000.00, 'C0040'),
('P0038', 'Tarjeta', '2026-02-11 16:30:00 -05', 80000.00, 'C0041'),
('P0039', 'Efectivo', '2026-03-04 11:00:00 -05', 125000.00, 'C0042'),
('P0040', 'Transferencia', '2026-03-25 17:05:00 -05', 250000.00, 'C0043'),
('P0041', 'Tarjeta', '2026-04-08 09:40:00 -05', 60000.00, 'C0044'),
('P0042', 'Efectivo', '2026-04-29 15:00:00 -05', 45000.00, 'C0045');


INSERT INTO medical_records (registration_date, description, customer_id) 
VALUES
('2020-06-15', 'Control general. Todo normal.', '1091222002'),
('2020-12-18', 'Hipertensa. No usar aparatología de alta frecuencia.', '27555001'),
('2021-03-24', 'Acné activo severo en mejillas. Evitar peelings químicos.', '1092555666'),
('2021-07-16', 'Asmática. Piel sin novedades.', '1091222012'),
('2021-12-22', 'Piel extremadamente sensible. Usar solo línea hipoalergénica.', '1116777888'),
('2022-05-04', 'Diabética. Contraindicado Dermapen o agujas por mala cicatrización.', '51444002'),
('2022-08-19', 'Ligera dermatitis en cuello. No aplicar cremas con fragancias.', '1091222014'),
('2022-12-23', 'ALERTA: Alérgica al látex. Usar obligatoriamente guantes de nitrilo.', '1091333444'),
('2023-02-14', 'Sufre de migrañas. Atenuar luces de la cabina durante la sesión.', '1091222006'),
('2023-06-20', 'Control de hidratación. Todo normal.', '1116000111'),
('2023-11-03', 'Piel madura sana. Control sin novedades.', '1091222010'),
('2023-12-20', 'ALERTA: Presentó brote tras masaje anterior. Sospecha de alergia al aceite de almendras.', '1091222004'),
('2024-01-15', 'Várices grado II. Prohibido maderoterapia o masajes fuertes en piernas.', '8222019'),
('2024-03-08', 'Toma Isotretinoína oral. Piel muy delgada. Prohibido depilar con cera.', '1091222011'),
('2024-04-12', 'Contractura fuerte en espalda. Tolera bien aceites.', '1091222013'),
('2024-05-22', 'Limpieza facial. Piel grasa. Recomendado ácido salicílico.', '1095888999'),
('2024-06-14', 'Control general. Todo normal.', '1091222015'),
('2024-09-05', 'Cicatrización queloide en pecho. No hacer láser ni microlesiones.', '1091222018'),
('2024-11-12', 'Embarazo de 3 meses. No usar corrientes, ultrasonido ni retinol.', '1091222020'),
('2024-12-14', 'Piel muy bronceada por viaje. Se aplaza peeling para evitar quemar.', '1091222022'),
('2024-12-21', 'Hipotiroidismo. Piel muy seca, requiere máxima nutrición.', '37888111'),
('2024-12-28', 'Control acné comedónico. Todo en orden.', '1092666777'),
('2025-01-18', 'Herpes labial activo. No tocar la zona de la boca hasta que sane.', '1091222025'),
('2025-02-20', 'Usa ortodoncia. Cuidado al manipular zona maxilar.', '1116888999'),
('2025-03-11', 'ALERTA: Usa marcapasos. Prohibido gimnasia pasiva o corrientes galvánicas.', '60333222'),
('2025-04-04', 'Dermatitis atópica. Hacer prueba de parche antes de usar cremas nuevas.', '1091222028'),
('2025-05-15', 'ALERTA: Presentó enrojecimiento severo. Registrar intolerancia al ácido glicólico.', '1091444555'),
('2025-06-17', 'Toma aspirina a diario. Alta propensión a hematomas tras masajes.', '1091222030'),
('2025-07-22', 'Control general. Todo normal.', '1091222031'),
('2025-08-14', 'Piel mixta. Control sin novedades.', '1116222333'),
('2025-09-09', 'Control flacidez corporal. Todo normal.', '40222333'),
('2025-10-23', 'Sufre de claustrofobia. No poner máscaras LED cerradas ni tapar ojos.', '1091222034'),
('2025-11-14', 'Rosácea activa. No usar vapor caliente ni exfoliantes físicos duros.', '1091222035'),
('2025-12-11', 'Control general. Todo normal.', '1095777888'),
('2025-12-19', 'Apta para protocolo programado. Sin novedades.', '1091222037'),
('2025-12-23', 'Superó cáncer de piel. Exigir autorización del oncólogo antes de usar láser.', '1091222038'),
('2025-12-30', 'Sufre de presión baja. Levantar despacio de la camilla para evitar mareos.', '1091222039'),
('2026-01-15', 'Control general con autorización de la madre. Todo normal.', '1092888999'),
('2026-02-11', 'ALERTA: Alergia severa a mariscos y yodo. No aplicar envolturas de algas.', '1091222041'),
('2026-03-04', 'Control post-masaje. Todo normal.', '1091222002'),
('2026-03-25', 'Piel hidratada y sana. Sin novedades.', '27555001'),
('2026-04-08', 'Mejoría notable en acné. Se continúa limpieza suave.', '1092555666'),
('2026-04-29', 'Piel estable, no volvió a presentar sensibilidad.', '1091222012');


INSERT INTO appointment_details (cost, employee_id, service_id, appointment_id) 
VALUES
(45000.00, 'E03', 'S01', 'C0001'),
(120000.00, 'E03', 'S03', 'C0001'),
(85000.00, 'E07', 'S02', 'C0002'),
(50000.00, 'E04', 'S01', 'C0003'),
(250000.00, 'E05', 'S05', 'C0005'),
(90000.00, 'E07', 'S07', 'C0007'),
(180000.00, 'E03', 'S08', 'C0008'),
(320000.00, 'E04', 'S09', 'C0009'),
(75000.00, 'E08', 'S10', 'C0010'),
(115000.00, 'E05', 'S11', 'C0011'),
(60000.00, 'E03', 'S12', 'C0012'),
(130000.00, 'E07', 'S13', 'C0013'),
(95000.00, 'E04', 'S14', 'C0014'),
(210000.00, 'E06', 'S15', 'C0015'),
(140000.00, 'E05', 'S16', 'C0016'),
(55000.00, 'E03', 'S17', 'C0017'),
(300000.00, 'E08', 'S18', 'C0018'),
(80000.00, 'E04', 'S20', 'C0020'),
(125000.00, 'E06', 'S21', 'C0021'),
(45000.00, 'E03', 'S01', 'C0022'),
(85000.00, 'E04', 'S02', 'C0023'),
(60000.00, 'E04', 'S12', 'C0023'),
(50000.00, 'E06', 'S03', 'C0024'),
(220000.00, 'E05', 'S04', 'C0025'),
(250000.00, 'E05', 'S05', 'C0026'),
(90000.00, 'E03', 'S06', 'C0027'),
(135000.00, 'E04', 'S07', 'C0028'),
(180000.00, 'E06', 'S08', 'C0029'),
(320000.00, 'E03', 'S09', 'C0030'),
(75000.00, 'E04', 'S10', 'C0031'),
(115000.00, 'E05', 'S11', 'C0032'),
(60000.00, 'E06', 'S12', 'C0033'),
(130000.00, 'E03', 'S13', 'C0034'),
(95000.00, 'E04', 'S14', 'C0035'),
(210000.00, 'E03', 'S15', 'C0036'),
(140000.00, 'E05', 'S16', 'C0037'),
(55000.00, 'E06', 'S17', 'C0038'),
(300000.00, 'E04', 'S18', 'C0039'),
(165000.00, 'E05', 'S19', 'C0040'),
(80000.00, 'E03', 'S20', 'C0041'),
(125000.00, 'E06', 'S21', 'C0042'),
(250000.00, 'E05', 'S05', 'C0043'),
(60000.00, 'E04', 'S12', 'C0044'),
(45000.00, 'E03', 'S01', 'C0045'),
(180000.00, 'E06', 'S08', 'C0046'),
(95000.00, 'E04', 'S14', 'C0047'),
(85000.00, 'E03', 'S02', 'C0048'),
(75000.00, 'E04', 'S10', 'C0049'),
(55000.00, 'E06', 'S17', 'C0050');