-- ============================================================
-- SCRIPT COMPLETO DE POBLACIÓN - VERSIÓN AMPLIADA
-- Centro de Estética / Spa
-- Generado: 2026-05-24
-- Tablas: services, employees, customers, appointments,
--         appointment_details, payments, medical_records
-- Total citas: 170 | Clientes: 66 | Pagos: 158
-- ============================================================

-- ============================================================
-- SERVICIOS (21 servicios)
-- ============================================================
INSERT INTO services (service_id, name, description, cost) 
VALUES
('S01', 'Limpieza Facial Profunda', 'Extracción, alta frecuencia y mascarilla', 75000),
('S02', 'Masaje Relajante', 'Piedras volcánicas y aceites esenciales', 65000),
('S03', 'Maderoterapia', 'Masaje reductor con elementos de madera', 55000),
('S04', 'Cavitación', 'Ultrasonido para grasa localizada', 90000),
('S05', 'Radiofrecuencia Facial', 'Estimulación de colágeno y elastina', 85000),
('S06', 'Depilación Axilas', 'Depilación con cera de miel y aloe', 25000),
('S07', 'Depilación Piernas', 'Depilación completa con cera fría', 50000),
('S08', 'Drenaje Linfático', 'Post-operatorio o desinflamatorio', 70000),
('S09', 'Peeling Químico', 'Renovación celular de capas profundas', 120000),
('S10', 'Hidratación con Velo', 'Colágeno para pieles secas', 45000),
('S11', 'Microdermoabrasión', 'Punta de diamante para cicatrices', 95000),
('S12', 'Levantamiento de Glúteos', 'Copas de succión y corrientes galvánicas', 80000),
('S13', 'Tratamiento Antiacné', 'Luz LED y productos seborreguladores', 85000),
('S14', 'Masaje Descontracturante', NULL, 75000),
('S15', 'Exfoliación Corporal', 'Sales marinas y aceites hidratantes', 60000),
('S16', 'Plasma Rico en Plaquetas', 'Rejuvenecimiento autólogo facial', 150000),
('S17', 'Vitamina C Facial', 'Antioxidante y luminosidad', 80000),
('S18', 'Gimnasia Pasiva', 'Tonificación muscular eléctrica', 40000),
('S19', 'Masaje de Cuello y Espalda', 'Focalizado en zonas de tensión', 45000),
('S20', 'Tratamiento Antimanchas', 'Despigmentante con activos especializados', 110000),
('S21', 'Limpieza Facial Básica', NULL, 50000);

-- ============================================================
-- EMPLEADOS (8 empleados)
-- ============================================================
INSERT INTO employees (employee_id, first_name, middle_name, first_last_name, second_last_name, phone, hiring_date, salary, status, certification, specialty, user_name, password, employee_admin_id) 
VALUES
('E01', 'Claudia', 'Patricia', 'Pérez', 'Bayona', '3151234567', '2021-01-10', 4500000.00, 'activo', 'Cosmiatra Superior', 'Administración', 'cperez', 'Claudia2026*', NULL),
('E02', 'Maira', 'Alejandra', 'García', 'Vergel', '3104567890', '2021-03-15', 1600000.00, 'activo', 'Terapeuta Masajista', 'Recepción', 'mgarcia', 'Maira123*', 'E01'),
('E03', 'Yulitza', 'Andrea', 'Barbosa', 'Sánchez', '3007891234', '2022-02-01', 1300000.00, 'activo', 'Esteticista', 'Corporales', NULL, NULL, 'E01'),
('E04', 'Dora', NULL, 'Carrascal', 'López', '3112345678', '2022-06-20', 1300000.00, 'activo', 'Esteticista', 'Depilación', NULL, NULL, 'E01'),
('E05', 'Liliana', 'Esther', 'Mendoza', 'Chinchilla', '3189998877', '2023-05-15', 1300000.00, 'inactivo', 'Esteticista Integral', 'Faciales', NULL, NULL, 'E01'),
('E06', 'Javier', 'Enrique', 'Claro', 'Arévalo', '3209876543', '2024-01-05', 2200000.00, 'activo', 'Fisioterapeuta', 'Rehabilitación', NULL, NULL, 'E01'),
('E07', 'Carlos', 'Alberto', 'Ríos', 'Ochoa', '3014445566', '2025-11-01', 1800000.00, 'inactivo', 'Masoterapeuta', 'Masajes Relajantes', NULL, NULL, 'E01'),
('E08', 'Mayerli', NULL, 'Parada', 'Tellez', '3256543210', '2026-02-10', 1450000.00, 'activo', 'Cosmetóloga', NULL, NULL, NULL, 'E01');

-- ============================================================
-- CLIENTES (41 originales + 25 nuevos = 66 total)
-- ============================================================
INSERT INTO customers (customer_id, first_name, middle_name, first_last_name, second_last_name, phone, birth_date) 
VALUES
('1091222002', 'Ricardo', 'Antonio', 'Bayona', 'Sanguino', '3114440002', '1992-11-20'),
('27555001', 'Marta', 'Lucía', 'Navarro', 'Quintero', '3125550001', '1961-04-10'),
('1092555666', 'Natalia', 'Sofía', 'Meza', 'Pacheco', '3116660016', '2009-07-19'),
('1091222012', 'Diana', 'Marcela', 'Reyes', 'Castellanos', '3149990012', '1990-05-22'),
('1116777888', 'Andrés', 'Felipe', 'Arévalo', 'Claro', '3138880008', '2009-12-01'),
('1091222005', 'Beatriz', 'Elena', 'Durán', 'Peñaranda', '3102220005', '1988-09-15'),
('51444002', 'Sully', NULL, 'Pacheco', 'Torres', '3017770003', '1964-07-05'),
('1091222014', 'Claudia', 'Jimena', 'Ovalle', 'Sepúlveda', '3223330014', '2002-01-08'),
('1091333444', 'Kelly', 'Johana', 'Mendoza', NULL, '3046660007', '1998-06-25'),
('1091222006', 'Luis', NULL, 'Vergel', 'Rueda', '3183330006', '1995-02-12'),
('1116000111', 'Emilio', 'José', 'Torrado', 'Bayona', '3137770021', '2010-03-31'),
('1091222010', 'Luisa', 'Fernanda', 'Molina', 'Navarro', '3024440010', '1976-10-30'),
('1091222004', 'Carlos', 'Andrés', 'Sanguino', 'Manzano', '3159990004', '2000-01-30'),
('8222019', 'Isabela', NULL, 'Carrascal', 'Arévalo', '3109990019', '1962-06-15'),
('1091222011', 'Paola', NULL, 'Galvis', 'Vergel', '3167770011', '1997-08-05'),
('1091222013', 'Gustavo', 'Adolfo', 'Pineda', 'García', '3191110013', '1983-09-14'),
('1095888999', 'Sandra', 'Milena', 'López', 'Barbosa', '3215550009', '2008-03-18'),
('1091222015', 'Oscar', 'Iván', 'Contreras', 'Carrascal', '3002220015', '1989-11-11'),
('1091222017', 'Fernando', 'José', 'Ortiz', 'Torres', '3128880017', '1982-04-03'),
('1091222018', 'Yuly', 'Tatiana', 'Vega', 'Mendoza', '3154440018', '1998-12-28'),
('1091222020', 'Maribel', 'Rocío', 'Gómez', 'Quintero', '3182220020', '1986-02-24'),
('1091222022', 'Yilber', 'Fabian', 'Guerrero', 'Trigos', '3152220022', '1993-04-18'),
('37888111', 'Rosa', 'Elena', 'Alvarez', 'Mendoza', '3124441111', '1963-09-05'),
('1092666777', 'Kevin', NULL, 'Santiago', 'Ibáñez', '3105552222', '2009-11-12'),
('1091222025', 'Karen', 'Juliana', 'Prado', 'Casadiego', '3187773333', '1999-07-25'),
('1116888999', 'Valentina', NULL, 'Pineda', 'Serrano', '3014444444', '2008-05-14'),
('60333222', 'Carmen', 'Alicia', 'Umaña', 'Quintana', '3143335555', '1965-01-30'),
('1091222028', 'Jhoan', 'Sebastian', 'Gaona', 'Trigos', '3208886666', '1996-12-05'),
('1091444555', 'Mayra', 'Alejandra', 'Chinchilla', NULL, '3139997777', '1995-03-22'),
('1091222030', 'Alvaro', 'José', 'Rangel', 'Cárdenas', '3221118888', '1984-08-14'),
('1091222031', 'Silvia', NULL, 'Ascanio', 'Pérez', '3005559999', '1991-10-02'),
('1116222333', 'Maria', 'José', 'Bautista', 'Mora', '3162221111', '2010-02-20'),
('40222333', 'Ligia', NULL, 'Arévalo', 'Sánchez', '3174442222', '1962-07-11'),
('1091222034', 'Brayan', 'Stiven', 'Mendoza', 'Torres', '3116663333', '2001-06-18'),
('1091222035', 'Ingrid', 'Vanessa', 'Peñaranda', 'García', '3159994444', '1994-11-30'),
('1095777888', 'Paula', 'Andrea', 'Becerra', 'Quintero', '3123335555', '2008-01-08'),
('1091222037', 'Edwin', NULL, 'Sandoval', 'Méndez', '3197776666', '1987-05-19'),
('1091222038', 'Angie', 'Milena', 'Sinuco', 'López', '3102227777', '1997-03-14'),
('1091222039', 'Ana', 'María', 'Páez', 'Buitrago', '3184448888', '1989-12-23'),
('1092888999', 'Valerie', 'Sofía', 'Vergel', 'Duarte', '3046669999', '2010-09-02'),
('1091222041', 'Tatiana', NULL, 'Coronel', 'Gélvez', '3215551111', '1992-02-27');

-- ============================================================
INSERT INTO customers (customer_id, first_name, middle_name, first_last_name, second_last_name, phone, birth_date)
VALUES
-- Cédulas de ciudadanía (CC) - mayores de edad
('1098765432', 'Juliana',    'Marcela',  'Rincón',     'Flórez',    '3201112233', '1995-03-10'),
('79654321',   'Hernán',     NULL,       'Camargo',    'Pinilla',   '3112223344', '1978-08-22'),
('1094321098', 'Valentina',  NULL,       'Ospina',     'Ríos',      '3143334455', '2001-11-05'),
('52876543',   'Gloria',     'Inés',     'Contreras',  'Serrano',   '3174445566', '1967-04-17'),
('1099887766', 'Sebastián',  'David',    'Torres',     'Vargas',    '3095556677', '1999-07-30'),
('1097654321', 'Luisa',      NULL,       'Quintero',   'Mora',      '3226667788', '2003-01-14'),
('80123456',   'Manuel',     'Ernesto',  'Fuentes',    'Arias',     '3157778899', '1973-09-28'),
('1093210987', 'Daniela',    'Sofía',    'Castro',     'Nieto',     '3048889900', '2004-06-03'),
-- Tarjetas de identidad (TI) - entre 14 y 17 años
('1116990001', 'Salomé',     NULL,       'Vera',       'Blanco',    '3169990011', '2010-02-09'),  -- 16 años en 2026
('1116990002', 'Santiago',   'Mateo',    'Rueda',      'Pinto',     '3180001122', '2009-08-15'),  -- 16 años en 2026
-- Más cédulas
('63456789',   'Patricia',   'Luz',      'Salamanca',  'Gómez',     '3121113344', '1961-12-20'),
('1091888777', 'Camila',     'Andrea',   'Villalba',   'Sepúlveda', '3152224455', '1997-05-25'),
('1092111222', 'Diego',      NULL,       'Montoya',    'López',     '3183335566', '1994-10-08'),
('1095432109', 'Lina',       'María',    'Herrera',    'Cárdenas',  '3014446677', '2006-03-19'),  -- 20 años en 2026
('43210987',   'Amparo',     NULL,       'Acosta',     'Roa',       '3045557788', '1959-07-04'),
('1091000222', 'Jhonatan',   'Stiven',   'Pimiento',   'Díaz',      '3176668899', '2000-09-12'),
('1096543210', 'Mónica',     'Paola',    'Díaz',       'Vanegas',   '3207779900', '1993-04-06'),
('91234567',   'Álvaro',     'Luis',     'Granados',   NULL,        '3138880011', '1969-11-30'),
('1092345678', 'Mariana',    NULL,       'Suárez',     'Blanco',    '3169991122', '2007-01-22'),  -- 19 años en 2026
('1098001122', 'Brenda',     'Ximena',   'Parra',      'Morales',   '3100002233', '1998-06-14'),
('1091777666', 'Nicolás',    'Andrés',   'Figueroa',   'Cadena',    '3131113344', '1996-08-07'),
('37123456',   'Consuelo',   'Amparo',   'Bermúdez',   'Silva',     '3162224455', '1963-03-25'),
('1094567890', 'Isabella',   NULL,       'Moreno',     'Trujillo',  '3193335566', '2005-10-18'),  -- 20 años en 2026
('1091555444', 'Estiven',    NULL,       'Camacho',    'Rojas',     '3024446677', '2002-12-31'),
('1099001100', 'Andrea',     'Catalina', 'Delgado',    'Varón',     '3055557788', '1990-05-05');

-- ============================================================
-- CITAS (50 originales + 120 nuevas = 170 total)
-- Fechas especiales: Día Madre, San Valentín, 8M, Navidad,
-- Año Nuevo, Halloween, Día Velitas, Semana Santa, 20Jul, 7Ago
-- ============================================================
INSERT INTO appointments (appointment_id, appointment_date, status, customer_id, service_id) 
VALUES
('A0001', '2020-06-15 08:30:00 -05', 'completada', '1091222002', 'S01'),
('A0002', '2020-12-18 15:00:00 -05', 'completada', '27555001', 'S02'),
('A0003', '2021-03-24 10:15:00 -05', 'completada', '1092555666', 'S03'),
('A0004', '2021-07-16 16:45:00 -05', 'completada', '1091222012', 'S04'),
('A0005', '2021-12-22 11:00:00 -05', 'completada', '1116777888', 'S05'),
('A0006', '2022-01-10 07:30:00 -05', 'cancelada', '1091222005', 'S06'),
('A0007', '2022-05-04 14:20:00 -05', 'completada', '51444002', 'S07'),
('A0008', '2022-08-19 09:00:00 -05', 'completada', '1091222014', 'S08'),
('A0009', '2022-12-23 15:30:00 -05', 'completada', '1091333444', 'S09'),
('A0010', '2023-02-14 10:00:00 -05', 'completada', '1091222006', 'S10'),
('A0011', '2023-06-20 16:10:00 -05', 'completada', '1116000111', 'S11'),
('A0012', '2023-11-03 08:45:00 -05', 'completada', '1091222010', 'S12'),
('A0013', '2023-12-20 14:00:00 -05', 'completada', '1091222004', 'S13'),
('A0014', '2024-01-15 11:15:00 -05', 'completada', '8222019', 'S14'),
('A0015', '2024-03-08 07:15:00 -05', 'completada', '1091222011', 'S15'),
('A0016', '2024-04-12 15:45:00 -05', 'completada', '1091222013', 'S16'),
('A0017', '2024-05-22 09:30:00 -05', 'completada', '1095888999', 'S17'),
('A0018', '2024-06-14 14:30:00 -05', 'completada', '1091222015', 'S18'),
('A0019', '2024-07-19 10:45:00 -05', 'cancelada', '1091222017', 'S19'),
('A0020', '2024-09-05 16:00:00 -05', 'completada', '1091222018', 'S20'),
('A0021', '2024-11-12 08:00:00 -05', 'completada', '1091222020', 'S21'),
('A0022', '2024-12-14 11:30:00 -05', 'completada', '1091222022', 'S01'),
('A0023', '2024-12-21 14:15:00 -05', 'completada', '37888111', 'S02'),
('A0024', '2024-12-28 16:30:00 -05', 'completada', '1092666777', 'S03'),
('A0025', '2025-01-18 09:15:00 -05', 'completada', '1091222025', 'S04'),
('A0026', '2025-02-20 15:00:00 -05', 'completada', '1116888999', 'S05'),
('A0027', '2025-03-11 10:30:00 -05', 'completada', '60333222', 'S06'),
('A0028', '2025-04-04 14:45:00 -05', 'completada', '1091222028', 'S07'),
('A0029', '2025-05-15 08:15:00 -05', 'completada', '1091444555', 'S08'),
('A0030', '2025-06-17 16:20:00 -05', 'completada', '1091222030', 'S09'),
('A0031', '2025-07-22 11:00:00 -05', 'completada', '1091222031', 'S10'),
('A0032', '2025-08-14 14:00:00 -05', 'completada', '1116222333', 'S11'),
('A0033', '2025-09-09 09:45:00 -05', 'completada', '40222333', 'S12'),
('A0034', '2025-10-23 15:30:00 -05', 'completada', '1091222034', 'S13'),
('A0035', '2025-11-14 10:15:00 -05', 'completada', '1091222035', 'S14'),
('A0036', '2025-12-11 07:45:00 -05', 'completada', '1095777888', 'S15'),
('A0037', '2025-12-19 16:45:00 -05', 'completada', '1091222037', 'S16'),
('A0038', '2025-12-23 11:30:00 -05', 'completada', '1091222038', 'S17'),
('A0039', '2025-12-30 14:30:00 -05', 'completada', '1091222039', 'S18'),
('A0040', '2026-01-15 09:00:00 -05', 'completada', '1092888999', 'S19'),
('A0041', '2026-02-11 15:15:00 -05', 'completada', '1091222041', 'S20'),
('A0042', '2026-03-04 10:00:00 -05', 'completada', '1091222002', 'S21'),
('A0043', '2026-03-25 16:00:00 -05', 'completada', '27555001', 'S05'),
('A0044', '2026-04-08 08:30:00 -05', 'completada', '1092555666', 'S12'),
('A0045', '2026-04-29 14:00:00 -05', 'completada', '1091222012', 'S01'),
('A0046', '2026-05-19 09:30:00 -05', 'programada', '1116777888', 'S08'),
('A0047', '2026-05-20 11:00:00 -05', 'programada', '1091222005', 'S14'),
('A0048', '2026-05-20 15:30:00 -05', 'programada', '51444002', 'S02'),
('A0049', '2026-05-22 08:00:00 -05', 'programada', '1091222014', 'S10'),
('A0050', '2026-05-25 16:15:00 -05', 'programada', '1091333444', 'S17');

-- ============================================================
INSERT INTO appointments (appointment_id, appointment_date, status, customer_id, service_id)
VALUES
-- 2020 (poca actividad, pandemia)
('A0051', '2020-02-14 10:00:00 -05', 'completada',   '1091222002',  'S02'),  -- San Valentín
('A0052', '2020-02-14 11:30:00 -05', 'completada',   '27555001',    'S10'),  -- San Valentín
('A0053', '2020-05-10 09:00:00 -05', 'completada',   '1091222012',  'S01'),  -- Día de la Madre
('A0054', '2020-05-10 10:30:00 -05', 'completada',   '1091333444',  'S15'),  -- Día de la Madre
('A0055', '2020-05-10 14:00:00 -05', 'completada',   '51444002',    'S02'),  -- Día de la Madre
('A0056', '2020-07-20 08:30:00 -05', 'completada',   '1091222006',  'S03'),  -- 20 de julio
('A0057', '2020-10-31 15:00:00 -05', 'cancelada',    '1091222004',  'S13'),  -- Halloween
('A0058', '2020-12-24 08:00:00 -05', 'completada',   '1091222010',  'S01'),  -- Nochebuena
('A0059', '2020-12-24 09:00:00 -05', 'completada',   '1091222011',  'S07'),  -- Nochebuena
('A0060', '2020-12-31 10:00:00 -05', 'completada',   '1092555666',  'S17'),  -- Año Nuevo

-- 2021
('A0061', '2021-02-14 08:30:00 -05', 'completada',   '1091222013',  'S02'),  -- San Valentín
('A0062', '2021-02-14 11:00:00 -05', 'completada',   '8222019',     'S10'),  -- San Valentín
('A0063', '2021-03-08 10:00:00 -05', 'completada',   '1091222005',  'S01'),  -- 8M
('A0064', '2021-03-08 11:30:00 -05', 'completada',   '1091222014',  'S05'),  -- 8M
('A0065', '2021-03-08 14:00:00 -05', 'completada',   '1091222015',  'S20'),  -- 8M
('A0066', '2021-05-09 08:00:00 -05', 'completada',   '27555001',    'S01'),  -- Día de la Madre
('A0067', '2021-05-09 09:30:00 -05', 'completada',   '1091222017',  'S08'),  -- Día de la Madre
('A0068', '2021-05-09 11:00:00 -05', 'completada',   '1091222018',  'S02'),  -- Día de la Madre
('A0069', '2021-05-09 14:30:00 -05', 'completada',   '37888111',    'S15'),  -- Día de la Madre
('A0070', '2021-05-09 16:00:00 -05', 'completada',   '51444002',    'S19'),  -- Día de la Madre
('A0071', '2021-08-07 09:00:00 -05', 'completada',   '1091222020',  'S04'),  -- 7 de agosto
('A0072', '2021-09-18 10:30:00 -05', 'completada',   '1091222022',  'S11'),
('A0073', '2021-10-31 15:30:00 -05', 'completada',   '1091222025',  'S06'),  -- Halloween
('A0074', '2021-12-08 08:00:00 -05', 'completada',   '60333222',    'S01'),  -- Día de las Velitas
('A0075', '2021-12-24 09:00:00 -05', 'completada',   '1091222028',  'S02'),  -- Nochebuena
('A0076', '2021-12-24 11:00:00 -05', 'completada',   '1091444555',  'S07'),  -- Nochebuena
('A0077', '2021-12-31 08:30:00 -05', 'completada',   '1091222030',  'S17'),  -- Año Nuevo

-- 2022
('A0078', '2022-02-14 09:00:00 -05', 'completada',   '1091222031',  'S02'),  -- San Valentín
('A0079', '2022-02-14 10:30:00 -05', 'completada',   '1116222333',  'S10'),  -- San Valentín
('A0080', '2022-02-14 14:00:00 -05', 'completada',   '40222333',    'S15'),  -- San Valentín
('A0081', '2022-03-08 09:00:00 -05', 'completada',   '1091222034',  'S01'),  -- 8M
('A0082', '2022-03-08 11:00:00 -05', 'completada',   '1091222035',  'S05'),  -- 8M
('A0083', '2022-03-08 14:30:00 -05', 'completada',   '1095777888',  'S09'),  -- 8M
('A0084', '2022-05-08 08:00:00 -05', 'completada',   '1091222002',  'S01'),  -- Día de la Madre
('A0085', '2022-05-08 09:30:00 -05', 'completada',   '27555001',    'S16'),  -- Día de la Madre
('A0086', '2022-05-08 11:00:00 -05', 'completada',   '1091222037',  'S08'),  -- Día de la Madre
('A0087', '2022-05-08 14:00:00 -05', 'completada',   '1091222038',  'S02'),  -- Día de la Madre
('A0088', '2022-05-08 16:00:00 -05', 'completada',   '1091222039',  'S15'),  -- Día de la Madre
('A0089', '2022-07-04 10:00:00 -05', 'completada',   '1092888999',  'S21'),
('A0090', '2022-09-15 09:00:00 -05', 'cancelada',    '1091222041',  'S04'),
('A0091', '2022-10-31 15:00:00 -05', 'completada',   '1091222002',  'S13'),  -- Halloween
('A0092', '2022-12-08 08:00:00 -05', 'completada',   '1091222012',  'S01'),  -- Día de las Velitas
('A0093', '2022-12-24 09:00:00 -05', 'completada',   '1091222005',  'S02'),  -- Nochebuena
('A0094', '2022-12-24 11:00:00 -05', 'completada',   '51444002',    'S15'),  -- Nochebuena
('A0095', '2022-12-24 14:00:00 -05', 'completada',   '1091333444',  'S07'),  -- Nochebuena
('A0096', '2022-12-31 10:00:00 -05', 'completada',   '1091222006',  'S17'),  -- Año Nuevo

-- 2023
('A0097', '2023-01-06 09:00:00 -05', 'completada',   '1091222010',  'S10'),  -- Reyes Magos
('A0098', '2023-02-14 08:30:00 -05', 'completada',   '1091222011',  'S02'),  -- San Valentín
('A0099', '2023-02-14 10:00:00 -05', 'completada',   '1091222004',  'S01'),  -- San Valentín
('A0100', '2023-02-14 11:30:00 -05', 'completada',   '8222019',     'S16'),  -- San Valentín
('A0101', '2023-02-14 14:00:00 -05', 'completada',   '1091222013',  'S05'),  -- San Valentín
('A0102', '2023-03-08 09:00:00 -05', 'completada',   '1091222015',  'S01'),  -- 8M
('A0103', '2023-03-08 11:00:00 -05', 'completada',   '1091222017',  'S09'),  -- 8M
('A0104', '2023-03-08 14:00:00 -05', 'completada',   '1091222018',  'S20'),  -- 8M
('A0105', '2023-04-05 10:00:00 -05', 'completada',   '1091222020',  'S03'),  -- Semana Santa
('A0106', '2023-04-05 11:30:00 -05', 'completada',   '1091222022',  'S08'),  -- Semana Santa
('A0107', '2023-05-14 08:00:00 -05', 'completada',   '27555001',    'S02'),  -- Día de la Madre
('A0108', '2023-05-14 09:00:00 -05', 'completada',   '37888111',    'S01'),  -- Día de la Madre
('A0109', '2023-05-14 10:00:00 -05', 'completada',   '1091222025',  'S15'),  -- Día de la Madre
('A0110', '2023-05-14 11:00:00 -05', 'completada',   '60333222',    'S08'),  -- Día de la Madre
('A0111', '2023-05-14 14:00:00 -05', 'completada',   '1091222028',  'S04'),  -- Día de la Madre
('A0112', '2023-05-14 15:30:00 -05', 'completada',   '1091444555',  'S10'),  -- Día de la Madre
('A0113', '2023-07-14 10:00:00 -05', 'completada',   '1091222030',  'S11'),
('A0114', '2023-08-19 09:30:00 -05', 'cancelada',    '1091222031',  'S06'),
('A0115', '2023-09-20 11:00:00 -05', 'completada',   '1116222333',  'S21'),
('A0116', '2023-10-31 15:00:00 -05', 'completada',   '40222333',    'S13'),  -- Halloween
('A0117', '2023-10-31 16:30:00 -05', 'completada',   '1091222034',  'S06'),  -- Halloween
('A0118', '2023-12-08 08:00:00 -05', 'completada',   '1091222035',  'S01'),  -- Día de las Velitas
('A0119', '2023-12-24 09:00:00 -05', 'completada',   '1095777888',  'S02'),  -- Nochebuena
('A0120', '2023-12-24 11:00:00 -05', 'completada',   '1091222037',  'S07'),  -- Nochebuena
('A0121', '2023-12-24 14:00:00 -05', 'completada',   '1091222038',  'S15'),  -- Nochebuena
('A0122', '2023-12-31 10:00:00 -05', 'completada',   '1091222039',  'S17'),  -- Año Nuevo
('A0123', '2023-12-31 11:30:00 -05', 'completada',   '1092888999',  'S01'),  -- Año Nuevo

-- 2024
('A0124', '2024-02-14 08:00:00 -05', 'completada',   '1091222041',  'S02'),  -- San Valentín
('A0125', '2024-02-14 09:30:00 -05', 'completada',   '1091222002',  'S16'),  -- San Valentín
('A0126', '2024-02-14 11:00:00 -05', 'completada',   '1091222012',  'S05'),  -- San Valentín
('A0127', '2024-02-14 14:00:00 -05', 'completada',   '1091222005',  'S10'),  -- San Valentín
('A0128', '2024-03-08 09:00:00 -05', 'completada',   '1091333444',  'S01'),  -- 8M
('A0129', '2024-03-08 11:00:00 -05', 'completada',   '1091222006',  'S09'),  -- 8M
('A0130', '2024-03-08 14:30:00 -05', 'completada',   '51444002',    'S08'),  -- 8M
('A0131', '2024-04-08 10:00:00 -05', 'completada',   '1091222010',  'S03'),  -- Semana Santa
('A0132', '2024-05-12 08:00:00 -05', 'completada',   '27555001',    'S01'),  -- Día de la Madre
('A0133', '2024-05-12 09:30:00 -05', 'completada',   '37888111',    'S16'),  -- Día de la Madre
('A0134', '2024-05-12 11:00:00 -05', 'completada',   '60333222',    'S02'),  -- Día de la Madre
('A0135', '2024-05-12 14:00:00 -05', 'completada',   '1091222004',  'S15'),  -- Día de la Madre
('A0136', '2024-05-12 15:30:00 -05', 'completada',   '8222019',     'S19'),  -- Día de la Madre
('A0137', '2024-05-12 16:30:00 -05', 'completada',   '1091222011',  'S10'),  -- Día de la Madre
('A0138', '2024-07-04 10:00:00 -05', 'completada',   '1091222013',  'S04'),
('A0139', '2024-08-22 09:00:00 -05', 'completada',   '1091222015',  'S11'),
('A0140', '2024-10-31 15:00:00 -05', 'completada',   '1091222017',  'S13'),  -- Halloween
('A0141', '2024-10-31 16:30:00 -05', 'completada',   '1091222018',  'S06'),  -- Halloween
('A0142', '2024-12-08 08:30:00 -05', 'completada',   '1091222020',  'S01'),  -- Día de las Velitas
('A0143', '2024-12-24 08:00:00 -05', 'completada',   '1091222022',  'S02'),  -- Nochebuena
('A0144', '2024-12-24 09:30:00 -05', 'completada',   '1091222025',  'S07'),  -- Nochebuena
('A0145', '2024-12-24 11:00:00 -05', 'completada',   '1116888999',  'S15'),  -- Nochebuena
('A0146', '2024-12-24 14:00:00 -05', 'completada',   '1091444555',  'S17'),  -- Nochebuena
('A0147', '2024-12-31 10:00:00 -05', 'completada',   '1091222028',  'S01'),  -- Año Nuevo
('A0148', '2024-12-31 11:30:00 -05', 'completada',   '40222333',    'S05'),  -- Año Nuevo

-- 2025
('A0149', '2025-02-14 08:00:00 -05', 'completada',   '1091222030',  'S02'),  -- San Valentín
('A0150', '2025-02-14 09:30:00 -05', 'completada',   '1091222031',  'S16'),  -- San Valentín
('A0151', '2025-02-14 11:00:00 -05', 'completada',   '1116222333',  'S05'),  -- San Valentín
('A0152', '2025-02-14 14:00:00 -05', 'completada',   '37888111',    'S10'),  -- San Valentín
('A0153', '2025-03-08 08:30:00 -05', 'completada',   '1091222034',  'S01'),  -- 8M
('A0154', '2025-03-08 10:00:00 -05', 'completada',   '1091222035',  'S09'),  -- 8M
('A0155', '2025-03-08 11:30:00 -05', 'completada',   '1095777888',  'S20'),  -- 8M
('A0156', '2025-03-08 14:00:00 -05', 'completada',   '1091222037',  'S15'),  -- 8M
('A0157', '2025-04-13 10:00:00 -05', 'completada',   '1091222038',  'S03'),  -- Semana Santa
('A0158', '2025-04-13 11:30:00 -05', 'cancelada',    '1091222039',  'S08'),  -- Semana Santa
('A0159', '2025-05-11 07:30:00 -05', 'completada',   '27555001',    'S16'),  -- Día de la Madre
('A0160', '2025-05-11 08:30:00 -05', 'completada',   '51444002',    'S02'),  -- Día de la Madre
('A0161', '2025-05-11 09:30:00 -05', 'completada',   '37888111',    'S01'),  -- Día de la Madre
('A0162', '2025-05-11 10:30:00 -05', 'completada',   '60333222',    'S15'),  -- Día de la Madre
('A0163', '2025-05-11 11:30:00 -05', 'completada',   '1091222002',  'S08'),  -- Día de la Madre
('A0164', '2025-05-11 14:00:00 -05', 'completada',   '1091222012',  'S10'),  -- Día de la Madre
('A0165', '2025-05-11 15:00:00 -05', 'completada',   '1091222005',  'S04'),  -- Día de la Madre
('A0166', '2025-10-31 15:00:00 -05', 'completada',   '1091222041',  'S13'),  -- Halloween
('A0167', '2025-10-31 16:30:00 -05', 'completada',   '1091222006',  'S06'),  -- Halloween
('A0168', '2025-12-08 08:00:00 -05', 'completada',   '1091222010',  'S01'),  -- Día de las Velitas
('A0169', '2025-12-24 09:00:00 -05', 'completada',   '1091222011',  'S02'),  -- Nochebuena
('A0170', '2025-12-24 11:00:00 -05', 'completada',   '1091222013',  'S15'); -- Nochebuena

-- ============================================================
-- DETALLES DE CITAS (49 originales + nuevos)
-- Nota: citas canceladas no tienen detalle (A0006,A0019,A0057,A0090,A0114,A0158)
-- ============================================================
INSERT INTO appointment_details (cost, employee_id, service_id, appointment_id) 
VALUES
(45000.00, 'E03', 'S01', 'A0001'),
(120000.00, 'E03', 'S03', 'A0001'),
(85000.00, 'E07', 'S02', 'A0002'),
(50000.00, 'E04', 'S01', 'A0003'),
(250000.00, 'E05', 'S05', 'A0005'),
(90000.00, 'E07', 'S07', 'A0007'),
(180000.00, 'E03', 'S08', 'A0008'),
(320000.00, 'E04', 'S09', 'A0009'),
(75000.00, 'E08', 'S10', 'A0010'),
(115000.00, 'E05', 'S11', 'A0011'),
(60000.00, 'E03', 'S12', 'A0012'),
(130000.00, 'E07', 'S13', 'A0013'),
(95000.00, 'E04', 'S14', 'A0014'),
(210000.00, 'E06', 'S15', 'A0015'),
(140000.00, 'E05', 'S16', 'A0016'),
(55000.00, 'E03', 'S17', 'A0017'),
(300000.00, 'E08', 'S18', 'A0018'),
(80000.00, 'E04', 'S20', 'A0020'),
(125000.00, 'E06', 'S21', 'A0021'),
(45000.00, 'E03', 'S01', 'A0022'),
(85000.00, 'E04', 'S02', 'A0023'),
(60000.00, 'E04', 'S12', 'A0023'),
(50000.00, 'E06', 'S03', 'A0024'),
(220000.00, 'E05', 'S04', 'A0025'),
(250000.00, 'E05', 'S05', 'A0026'),
(90000.00, 'E03', 'S06', 'A0027'),
(135000.00, 'E04', 'S07', 'A0028'),
(180000.00, 'E06', 'S08', 'A0029'),
(320000.00, 'E03', 'S09', 'A0030'),
(75000.00, 'E04', 'S10', 'A0031'),
(115000.00, 'E05', 'S11', 'A0032'),
(60000.00, 'E06', 'S12', 'A0033'),
(130000.00, 'E03', 'S13', 'A0034'),
(95000.00, 'E04', 'S14', 'A0035'),
(210000.00, 'E03', 'S15', 'A0036'),
(140000.00, 'E05', 'S16', 'A0037'),
(55000.00, 'E06', 'S17', 'A0038'),
(300000.00, 'E04', 'S18', 'A0039'),
(165000.00, 'E05', 'S19', 'A0040'),
(80000.00, 'E03', 'S20', 'A0041'),
(125000.00, 'E06', 'S21', 'A0042'),
(250000.00, 'E05', 'S05', 'A0043'),
(60000.00, 'E04', 'S12', 'A0044'),
(45000.00, 'E03', 'S01', 'A0045'),
(180000.00, 'E06', 'S08', 'A0046'),
(95000.00, 'E04', 'S14', 'A0047'),
(85000.00, 'E03', 'S02', 'A0048'),
(75000.00, 'E04', 'S10', 'A0049'),
(55000.00, 'E06', 'S17', 'A0050');

-- ============================================================
INSERT INTO appointment_details (cost, employee_id, service_id, appointment_id)
VALUES
-- 2020
(65000.00,  'E07', 'S02', 'A0051'),
(45000.00,  'E08', 'S10', 'A0052'),
(75000.00,  'E03', 'S01', 'A0053'),
(60000.00,  'E03', 'S15', 'A0054'),
(65000.00,  'E07', 'S02', 'A0055'),
(55000.00,  'E03', 'S03', 'A0056'),
-- A0057 cancelada, sin detalle
(75000.00,  'E03', 'S01', 'A0058'),
(50000.00,  'E04', 'S07', 'A0059'),
(80000.00,  'E05', 'S17', 'A0060'),

-- 2021
(65000.00,  'E07', 'S02', 'A0061'),
(45000.00,  'E08', 'S10', 'A0062'),
(75000.00,  'E05', 'S01', 'A0063'),
(85000.00,  'E05', 'S05', 'A0064'),
(110000.00, 'E05', 'S20', 'A0065'),
(75000.00,  'E03', 'S01', 'A0066'),
(70000.00,  'E06', 'S08', 'A0067'),
(65000.00,  'E07', 'S02', 'A0068'),
(60000.00,  'E03', 'S15', 'A0069'),
(45000.00,  'E06', 'S19', 'A0070'),
(90000.00,  'E03', 'S04', 'A0071'),  -- cavitación
(95000.00,  'E05', 'S11', 'A0072'),
(25000.00,  'E04', 'S06', 'A0073'),
(75000.00,  'E03', 'S01', 'A0074'),
(65000.00,  'E07', 'S02', 'A0075'),
(50000.00,  'E04', 'S07', 'A0076'),
(80000.00,  'E03', 'S17', 'A0077'),

-- 2022
(65000.00,  'E07', 'S02', 'A0078'),
(45000.00,  'E08', 'S10', 'A0079'),
(60000.00,  'E03', 'S15', 'A0080'),
(75000.00,  'E03', 'S01', 'A0081'),
(85000.00,  'E05', 'S05', 'A0082'),
(120000.00, 'E03', 'S09', 'A0083'),
(75000.00,  'E03', 'S01', 'A0084'),  -- combo: limpieza + radiofrecuencia
(85000.00,  'E05', 'S05', 'A0084'),
(150000.00, 'E05', 'S16', 'A0085'),
(70000.00,  'E06', 'S08', 'A0086'),
(65000.00,  'E07', 'S02', 'A0087'),
(60000.00,  'E03', 'S15', 'A0088'),
(50000.00,  'E06', 'S21', 'A0089'),
-- A0090 cancelada, sin detalle
(85000.00,  'E05', 'S13', 'A0091'),
(75000.00,  'E03', 'S01', 'A0092'),
(65000.00,  'E07', 'S02', 'A0093'),
(60000.00,  'E03', 'S15', 'A0094'),
(50000.00,  'E04', 'S07', 'A0095'),
(80000.00,  'E03', 'S17', 'A0096'),

-- 2023
(45000.00,  'E08', 'S10', 'A0097'),
(65000.00,  'E07', 'S02', 'A0098'),
(75000.00,  'E03', 'S01', 'A0099'),
(150000.00, 'E05', 'S16', 'A0100'),
(85000.00,  'E05', 'S05', 'A0101'),
(75000.00,  'E03', 'S01', 'A0102'),
(120000.00, 'E03', 'S09', 'A0103'),
(110000.00, 'E05', 'S20', 'A0104'),
(55000.00,  'E03', 'S03', 'A0105'),
(70000.00,  'E06', 'S08', 'A0106'),
(65000.00,  'E07', 'S02', 'A0107'),
(75000.00,  'E03', 'S01', 'A0108'),
(60000.00,  'E03', 'S15', 'A0109'),
(70000.00,  'E06', 'S08', 'A0110'),
(90000.00,  'E03', 'S04', 'A0111'),
(45000.00,  'E08', 'S10', 'A0112'),
(95000.00,  'E05', 'S11', 'A0113'),
-- A0114 cancelada, sin detalle
(50000.00,  'E06', 'S21', 'A0115'),
(85000.00,  'E05', 'S13', 'A0116'),
(25000.00,  'E04', 'S06', 'A0117'),
(75000.00,  'E03', 'S01', 'A0118'),
(65000.00,  'E07', 'S02', 'A0119'),
(50000.00,  'E04', 'S07', 'A0120'),
(60000.00,  'E03', 'S15', 'A0121'),
(80000.00,  'E03', 'S17', 'A0122'),
(75000.00,  'E05', 'S01', 'A0123'),

-- 2024
(65000.00,  'E07', 'S02', 'A0124'),
(150000.00, 'E05', 'S16', 'A0125'),
(85000.00,  'E05', 'S05', 'A0126'),
(45000.00,  'E08', 'S10', 'A0127'),
(75000.00,  'E03', 'S01', 'A0128'),
(120000.00, 'E03', 'S09', 'A0129'),
(70000.00,  'E06', 'S08', 'A0130'),
(55000.00,  'E03', 'S03', 'A0131'),
(75000.00,  'E03', 'S01', 'A0132'),  -- combo madre
(150000.00, 'E05', 'S16', 'A0133'),
(65000.00,  'E07', 'S02', 'A0134'),
(60000.00,  'E03', 'S15', 'A0135'),
(45000.00,  'E06', 'S19', 'A0136'),
(45000.00,  'E08', 'S10', 'A0137'),
(90000.00,  'E03', 'S04', 'A0138'),
(95000.00,  'E05', 'S11', 'A0139'),
(85000.00,  'E05', 'S13', 'A0140'),
(25000.00,  'E04', 'S06', 'A0141'),
(75000.00,  'E03', 'S01', 'A0142'),
(65000.00,  'E07', 'S02', 'A0143'),
(50000.00,  'E04', 'S07', 'A0144'),
(60000.00,  'E03', 'S15', 'A0145'),
(80000.00,  'E03', 'S17', 'A0146'),
(75000.00,  'E03', 'S01', 'A0147'),
(85000.00,  'E05', 'S05', 'A0148'),

-- 2025
(65000.00,  'E07', 'S02', 'A0149'),
(150000.00, 'E05', 'S16', 'A0150'),
(85000.00,  'E05', 'S05', 'A0151'),
(45000.00,  'E08', 'S10', 'A0152'),
(75000.00,  'E03', 'S01', 'A0153'),
(120000.00, 'E03', 'S09', 'A0154'),
(110000.00, 'E05', 'S20', 'A0155'),
(60000.00,  'E03', 'S15', 'A0156'),
(55000.00,  'E03', 'S03', 'A0157'),
-- A0158 cancelada, sin detalle
(150000.00, 'E05', 'S16', 'A0159'),  -- combo madre especial
(65000.00,  'E05', 'S02', 'A0160'),
(75000.00,  'E03', 'S01', 'A0161'),
(60000.00,  'E03', 'S15', 'A0162'),
(70000.00,  'E06', 'S08', 'A0163'),
(45000.00,  'E08', 'S10', 'A0164'),
(90000.00,  'E03', 'S04', 'A0165'),
(85000.00,  'E05', 'S13', 'A0166'),
(25000.00,  'E04', 'S06', 'A0167'),
(75000.00,  'E03', 'S01', 'A0168'),
(65000.00,  'E07', 'S02', 'A0169'),
(60000.00,  'E03', 'S15', 'A0170');

-- ============================================================
-- PAGOS (42 originales + 116 nuevos = 158 total)
-- Solo citas completadas tienen pago
-- ============================================================
INSERT INTO payments (payment_id, payment_method, payment_date, payment_amount, appointment_id) 
VALUES
('P0001', 'Efectivo', '2020-06-15 09:15:00 -05', 165000.00, 'A0001'),
('P0002', 'Tarjeta', '2020-12-18 16:10:00 -05', 85000.00, 'A0002'),
('P0003', 'Transferencia', '2021-03-24 11:00:00 -05', 50000.00, 'A0003'),
('P0004', 'Efectivo', '2021-12-22 12:30:00 -05', 250000.00, 'A0005'),
('P0005', 'Tarjeta', '2022-05-04 15:40:00 -05', 90000.00, 'A0007'),
('P0006', 'Transferencia', '2022-08-19 10:15:00 -05', 180000.00, 'A0008'),
('P0007', 'Efectivo', '2022-12-23 17:00:00 -05', 320000.00, 'A0009'),
('P0008', 'Tarjeta', '2023-02-14 11:15:00 -05', 75000.00, 'A0010'),
('P0009', 'Transferencia', '2023-06-20 17:25:00 -05', 115000.00, 'A0011'),
('P0010', 'Efectivo', '2023-11-03 09:30:00 -05', 60000.00, 'A0012'),
('P0011', 'Tarjeta', '2023-12-20 15:10:00 -05', 130000.00, 'A0013'),
('P0012', 'Efectivo', '2024-01-15 12:00:00 -05', 95000.00, 'A0014'),
('P0013', 'Transferencia', '2024-03-08 08:30:00 -05', 210000.00, 'A0015'),
('P0014', 'Tarjeta', '2024-04-12 16:50:00 -05', 140000.00, 'A0016'),
('P0015', 'Efectivo', '2024-05-22 10:20:00 -05', 55000.00, 'A0017'),
('P0016', 'Transferencia', '2024-06-14 15:45:00 -05', 300000.00, 'A0018'),
('P0017', 'Tarjeta', '2024-09-05 17:00:00 -05', 80000.00, 'A0020'),
('P0018', 'Efectivo', '2024-11-12 09:10:00 -05', 125000.00, 'A0021'),
('P0019', 'Transferencia', '2024-12-14 12:15:00 -05', 45000.00, 'A0022'),
('P0020', 'Tarjeta', '2024-12-21 15:30:00 -05', 145000.00, 'A0023'),
('P0021', 'Efectivo', '2024-12-28 17:15:00 -05', 50000.00, 'A0024'),
('P0022', 'Transferencia', '2025-01-18 10:30:00 -05', 220000.00, 'A0025'),
('P0023', 'Tarjeta', '2025-02-20 16:00:00 -05', 250000.00, 'A0026'),
('P0024', 'Efectivo', '2025-03-11 11:45:00 -05', 90000.00, 'A0027'),
('P0025', 'Transferencia', '2025-04-04 15:50:00 -05', 135000.00, 'A0028'),
('P0026', 'Tarjeta', '2025-05-15 09:20:00 -05', 180000.00, 'A0029'),
('P0027', 'Efectivo', '2025-06-17 17:30:00 -05', 320000.00, 'A0030'),
('P0028', 'Transferencia', '2025-07-22 12:05:00 -05', 75000.00, 'A0031'),
('P0029', 'Tarjeta', '2025-08-14 15:15:00 -05', 115000.00, 'A0032'),
('P0030', 'Efectivo', '2025-09-09 10:30:00 -05', 60000.00, 'A0033'),
('P0031', 'Transferencia', '2025-10-23 16:45:00 -05', 130000.00, 'A0034'),
('P0032', 'Tarjeta', '2025-11-14 11:20:00 -05', 95000.00, 'A0035'),
('P0033', 'Efectivo', '2025-12-11 08:30:00 -05', 210000.00, 'A0036'),
('P0034', 'Transferencia', '2025-12-19 17:45:00 -05', 140000.00, 'A0037'),
('P0035', 'Tarjeta', '2025-12-23 12:30:00 -05', 55000.00, 'A0038'),
('P0036', 'Efectivo', '2025-12-30 15:15:00 -05', 300000.00, 'A0039'),
('P0037', 'Transferencia', '2026-01-15 10:10:00 -05', 165000.00, 'A0040'),
('P0038', 'Tarjeta', '2026-02-11 16:30:00 -05', 80000.00, 'A0041'),
('P0039', 'Efectivo', '2026-03-04 11:00:00 -05', 125000.00, 'A0042'),
('P0040', 'Transferencia', '2026-03-25 17:05:00 -05', 250000.00, 'A0043'),
('P0041', 'Tarjeta', '2026-04-08 09:40:00 -05', 60000.00, 'A0044'),
('P0042', 'Efectivo', '2026-04-29 15:00:00 -05', 45000.00, 'A0045');

-- ============================================================
INSERT INTO payments (payment_id, payment_method, payment_date, payment_amount, appointment_id)
VALUES
('P0043', 'Efectivo',      '2020-02-14 10:45:00 -05',  65000.00,  'A0051'),
('P0044', 'Transferencia', '2020-02-14 12:15:00 -05',  45000.00,  'A0052'),
('P0045', 'Efectivo',      '2020-05-10 09:50:00 -05',  75000.00,  'A0053'),
('P0046', 'Tarjeta',       '2020-05-10 11:15:00 -05',  60000.00,  'A0054'),
('P0047', 'Efectivo',      '2020-05-10 14:45:00 -05',  65000.00,  'A0055'),
('P0048', 'Transferencia', '2020-07-20 09:20:00 -05',  55000.00,  'A0056'),
('P0049', 'Efectivo',      '2020-12-24 08:50:00 -05',  75000.00,  'A0058'),
('P0050', 'Tarjeta',       '2020-12-24 10:05:00 -05',  50000.00,  'A0059'),
('P0051', 'Transferencia', '2020-12-31 10:50:00 -05',  80000.00,  'A0060'),
('P0052', 'Efectivo',      '2021-02-14 09:15:00 -05',  65000.00,  'A0061'),
('P0053', 'Tarjeta',       '2021-02-14 11:45:00 -05',  45000.00,  'A0062'),
('P0054', 'Transferencia', '2021-03-08 10:50:00 -05',  75000.00,  'A0063'),
('P0055', 'Efectivo',      '2021-03-08 12:20:00 -05',  85000.00,  'A0064'),
('P0056', 'Tarjeta',       '2021-03-08 14:50:00 -05', 110000.00,  'A0065'),
('P0057', 'Efectivo',      '2021-05-09 08:50:00 -05',  75000.00,  'A0066'),
('P0058', 'Transferencia', '2021-05-09 10:20:00 -05',  70000.00,  'A0067'),
('P0059', 'Tarjeta',       '2021-05-09 11:50:00 -05',  65000.00,  'A0068'),
('P0060', 'Efectivo',      '2021-05-09 15:20:00 -05',  60000.00,  'A0069'),
('P0061', 'Transferencia', '2021-05-09 16:50:00 -05',  45000.00,  'A0070'),
('P0062', 'Tarjeta',       '2021-08-07 09:50:00 -05',  90000.00,  'A0071'),
('P0063', 'Efectivo',      '2021-09-18 11:20:00 -05',  95000.00,  'A0072'),
('P0064', 'Transferencia', '2021-10-31 16:20:00 -05',  25000.00,  'A0073'),
('P0065', 'Efectivo',      '2021-12-08 08:50:00 -05',  75000.00,  'A0074'),
('P0066', 'Tarjeta',       '2021-12-24 09:50:00 -05',  65000.00,  'A0075'),
('P0067', 'Efectivo',      '2021-12-24 11:50:00 -05',  50000.00,  'A0076'),
('P0068', 'Transferencia', '2021-12-31 09:20:00 -05',  80000.00,  'A0077'),
('P0069', 'Efectivo',      '2022-02-14 09:50:00 -05',  65000.00,  'A0078'),
('P0070', 'Tarjeta',       '2022-02-14 11:20:00 -05',  45000.00,  'A0079'),
('P0071', 'Transferencia', '2022-02-14 14:50:00 -05',  60000.00,  'A0080'),
('P0072', 'Efectivo',      '2022-03-08 09:50:00 -05',  75000.00,  'A0081'),
('P0073', 'Tarjeta',       '2022-03-08 11:50:00 -05',  85000.00,  'A0082'),
('P0074', 'Transferencia', '2022-03-08 15:20:00 -05', 120000.00,  'A0083'),
('P0075', 'Efectivo',      '2022-05-08 09:00:00 -05', 160000.00,  'A0084'),  -- combo (75k + 85k)
('P0076', 'Tarjeta',       '2022-05-08 10:20:00 -05', 150000.00,  'A0085'),
('P0077', 'Transferencia', '2022-05-08 11:50:00 -05',  70000.00,  'A0086'),
('P0078', 'Efectivo',      '2022-05-08 14:50:00 -05',  65000.00,  'A0087'),
('P0079', 'Tarjeta',       '2022-05-08 16:50:00 -05',  60000.00,  'A0088'),
('P0080', 'Transferencia', '2022-07-04 10:50:00 -05',  50000.00,  'A0089'),
('P0081', 'Efectivo',      '2022-10-31 15:50:00 -05',  85000.00,  'A0091'),
('P0082', 'Tarjeta',       '2022-12-08 08:50:00 -05',  75000.00,  'A0092'),
('P0083', 'Efectivo',      '2022-12-24 09:50:00 -05',  65000.00,  'A0093'),
('P0084', 'Transferencia', '2022-12-24 11:50:00 -05',  60000.00,  'A0094'),
('P0085', 'Tarjeta',       '2022-12-24 14:50:00 -05',  50000.00,  'A0095'),
('P0086', 'Efectivo',      '2022-12-31 10:50:00 -05',  80000.00,  'A0096'),
('P0087', 'Transferencia', '2023-01-06 09:50:00 -05',  45000.00,  'A0097'),
('P0088', 'Efectivo',      '2023-02-14 09:20:00 -05',  65000.00,  'A0098'),
('P0089', 'Tarjeta',       '2023-02-14 10:50:00 -05',  75000.00,  'A0099'),
('P0090', 'Transferencia', '2023-02-14 12:20:00 -05', 150000.00,  'A0100'),
('P0091', 'Efectivo',      '2023-02-14 14:50:00 -05',  85000.00,  'A0101'),
('P0092', 'Tarjeta',       '2023-03-08 09:50:00 -05',  75000.00,  'A0102'),
('P0093', 'Transferencia', '2023-03-08 11:50:00 -05', 120000.00,  'A0103'),
('P0094', 'Efectivo',      '2023-03-08 14:50:00 -05', 110000.00,  'A0104'),
('P0095', 'Tarjeta',       '2023-04-05 10:50:00 -05',  55000.00,  'A0105'),
('P0096', 'Transferencia', '2023-04-05 12:20:00 -05',  70000.00,  'A0106'),
('P0097', 'Efectivo',      '2023-05-14 08:50:00 -05',  65000.00,  'A0107'),
('P0098', 'Tarjeta',       '2023-05-14 09:50:00 -05',  75000.00,  'A0108'),
('P0099', 'Transferencia', '2023-05-14 10:50:00 -05',  60000.00,  'A0109'),
('P0100', 'Efectivo',      '2023-05-14 11:50:00 -05',  70000.00,  'A0110'),
('P0101', 'Tarjeta',       '2023-05-14 14:50:00 -05',  90000.00,  'A0111'),
('P0102', 'Efectivo',      '2023-05-14 16:20:00 -05',  45000.00,  'A0112'),
('P0103', 'Transferencia', '2023-07-14 10:50:00 -05',  95000.00,  'A0113'),
('P0104', 'Tarjeta',       '2023-09-20 11:50:00 -05',  50000.00,  'A0115'),
('P0105', 'Efectivo',      '2023-10-31 15:50:00 -05',  85000.00,  'A0116'),
('P0106', 'Transferencia', '2023-10-31 17:20:00 -05',  25000.00,  'A0117'),
('P0107', 'Tarjeta',       '2023-12-08 08:50:00 -05',  75000.00,  'A0118'),
('P0108', 'Efectivo',      '2023-12-24 09:50:00 -05',  65000.00,  'A0119'),
('P0109', 'Transferencia', '2023-12-24 11:50:00 -05',  50000.00,  'A0120'),
('P0110', 'Tarjeta',       '2023-12-24 14:50:00 -05',  60000.00,  'A0121'),
('P0111', 'Efectivo',      '2023-12-31 10:50:00 -05',  80000.00,  'A0122'),
('P0112', 'Transferencia', '2023-12-31 12:20:00 -05',  75000.00,  'A0123'),
('P0113', 'Tarjeta',       '2024-02-14 08:50:00 -05',  65000.00,  'A0124'),
('P0114', 'Efectivo',      '2024-02-14 10:20:00 -05', 150000.00,  'A0125'),
('P0115', 'Transferencia', '2024-02-14 11:50:00 -05',  85000.00,  'A0126'),
('P0116', 'Tarjeta',       '2024-02-14 14:50:00 -05',  45000.00,  'A0127'),
('P0117', 'Efectivo',      '2024-03-08 09:50:00 -05',  75000.00,  'A0128'),
('P0118', 'Transferencia', '2024-03-08 11:50:00 -05', 120000.00,  'A0129'),
('P0119', 'Tarjeta',       '2024-03-08 15:20:00 -05',  70000.00,  'A0130'),
('P0120', 'Efectivo',      '2024-04-08 10:50:00 -05',  55000.00,  'A0131'),
('P0121', 'Transferencia', '2024-05-12 08:50:00 -05',  75000.00,  'A0132'),
('P0122', 'Tarjeta',       '2024-05-12 10:20:00 -05', 150000.00,  'A0133'),
('P0123', 'Efectivo',      '2024-05-12 11:50:00 -05',  65000.00,  'A0134'),
('P0124', 'Transferencia', '2024-05-12 14:50:00 -05',  60000.00,  'A0135'),
('P0125', 'Tarjeta',       '2024-05-12 16:20:00 -05',  45000.00,  'A0136'),
('P0126', 'Efectivo',      '2024-05-12 17:20:00 -05',  45000.00,  'A0137'),
('P0127', 'Transferencia', '2024-07-04 10:50:00 -05',  90000.00,  'A0138'),
('P0128', 'Tarjeta',       '2024-08-22 09:50:00 -05',  95000.00,  'A0139'),
('P0129', 'Efectivo',      '2024-10-31 15:50:00 -05',  85000.00,  'A0140'),
('P0130', 'Transferencia', '2024-10-31 17:20:00 -05',  25000.00,  'A0141'),
('P0131', 'Tarjeta',       '2024-12-08 09:20:00 -05',  75000.00,  'A0142'),
('P0132', 'Efectivo',      '2024-12-24 08:50:00 -05',  65000.00,  'A0143'),
('P0133', 'Transferencia', '2024-12-24 10:20:00 -05',  50000.00,  'A0144'),
('P0134', 'Tarjeta',       '2024-12-24 11:50:00 -05',  60000.00,  'A0145'),
('P0135', 'Efectivo',      '2024-12-24 14:50:00 -05',  80000.00,  'A0146'),
('P0136', 'Transferencia', '2024-12-31 10:50:00 -05',  75000.00,  'A0147'),
('P0137', 'Tarjeta',       '2024-12-31 12:20:00 -05',  85000.00,  'A0148'),
('P0138', 'Efectivo',      '2025-02-14 08:50:00 -05',  65000.00,  'A0149'),
('P0139', 'Transferencia', '2025-02-14 10:20:00 -05', 150000.00,  'A0150'),
('P0140', 'Tarjeta',       '2025-02-14 11:50:00 -05',  85000.00,  'A0151'),
('P0141', 'Efectivo',      '2025-02-14 14:50:00 -05',  45000.00,  'A0152'),
('P0142', 'Transferencia', '2025-03-08 09:20:00 -05',  75000.00,  'A0153'),
('P0143', 'Tarjeta',       '2025-03-08 10:50:00 -05', 120000.00,  'A0154'),
('P0144', 'Efectivo',      '2025-03-08 12:20:00 -05', 110000.00,  'A0155'),
('P0145', 'Transferencia', '2025-03-08 14:50:00 -05',  60000.00,  'A0156'),
('P0146', 'Tarjeta',       '2025-04-13 10:50:00 -05',  55000.00,  'A0157'),
('P0147', 'Efectivo',      '2025-05-11 08:20:00 -05', 150000.00,  'A0159'),
('P0148', 'Transferencia', '2025-05-11 09:20:00 -05',  65000.00,  'A0160'),
('P0149', 'Tarjeta',       '2025-05-11 10:20:00 -05',  75000.00,  'A0161'),
('P0150', 'Efectivo',      '2025-05-11 11:20:00 -05',  60000.00,  'A0162'),
('P0151', 'Transferencia', '2025-05-11 14:50:00 -05',  70000.00,  'A0163'),
('P0152', 'Tarjeta',       '2025-05-11 15:50:00 -05',  45000.00,  'A0164'),
('P0153', 'Efectivo',      '2025-05-11 16:50:00 -05',  90000.00,  'A0165'),
('P0154', 'Transferencia', '2025-10-31 15:50:00 -05',  85000.00,  'A0166'),
('P0155', 'Tarjeta',       '2025-10-31 17:20:00 -05',  25000.00,  'A0167'),
('P0156', 'Efectivo',      '2025-12-08 08:50:00 -05',  75000.00,  'A0168'),
('P0157', 'Transferencia', '2025-12-24 09:50:00 -05',  65000.00,  'A0169'),
('P0158', 'Tarjeta',       '2025-12-24 11:50:00 -05',  60000.00,  'A0170');

-- ============================================================
-- HISTORIAL MÉDICO (43 originales + nuevos = ampliados)
-- Incluye seguimientos (uno a muchos por cliente)
-- ============================================================
INSERT INTO medical_records (registration_date, description, customer_id) 
VALUES
('2020-06-15', 'Control general. Todo normal.', '1091222002'),
('2020-12-18', 'Hipertensa. No usar aparatología de alta frecuencia.', '27555001'),
('2021-03-24', 'Acné activo severo en mejillas. Evitar peelings químicos.', '1092555666'),
('2021-07-16', 'Asmática. Piel sin novedades.', '1091222012'),
('2021-12-22', 'Piel extremadamente sensible. Usar solo línea hipoalergénica.', '1116777888'),
('2022-05-04', 'Diabética. Contraindicado Dermapen o agujas por mala cicatrización.', '51444002'),
('2022-08-19', 'Ligera dermatitis en cuello. No aplicar cremas con fragancias.', '1091222014'),
('2022-12-23', 'ALERTA: Alérgica al látex. Usar obligatoriamente guantes de nitrilo.', '1091333444'),
('2023-02-14', 'Sufre de migrañas. Atenuar luces de la cabina durante la sesión.', '1091222006'),
('2023-06-20', 'Control de hidratación. Todo normal.', '1116000111'),
('2023-11-03', 'Piel madura sana. Control sin novedades.', '1091222010'),
('2023-12-20', 'ALERTA: Presentó brote tras masaje anterior. Sospecha de alergia al aceite de almendras.', '1091222004'),
('2024-01-15', 'Várices grado II. Prohibido maderoterapia o masajes fuertes en piernas.', '8222019'),
('2024-03-08', 'Toma Isotretinoína oral. Piel muy delgada. Prohibido depilar con cera.', '1091222011'),
('2024-04-12', 'Contractura fuerte en espalda. Tolera bien aceites.', '1091222013'),
('2024-05-22', 'Limpieza facial. Piel grasa. Recomendado ácido salicílico.', '1095888999'),
('2024-06-14', 'Control general. Todo normal.', '1091222015'),
('2024-09-05', 'Cicatrización queloide en pecho. No hacer láser ni microlesiones.', '1091222018'),
('2024-11-12', 'Embarazo de 3 meses. No usar corrientes, ultrasonido ni retinol.', '1091222020'),
('2024-12-14', 'Piel muy bronceada por viaje. Se aplaza peeling para evitar quemar.', '1091222022'),
('2024-12-21', 'Hipotiroidismo. Piel muy seca, requiere máxima nutrición.', '37888111'),
('2024-12-28', 'Control acné comedónico. Todo en orden.', '1092666777'),
('2025-01-18', 'Herpes labial activo. No tocar la zona de la boca hasta que sane.', '1091222025'),
('2025-02-20', 'Usa ortodoncia. Cuidado al manipular zona maxilar.', '1116888999'),
('2025-03-11', 'ALERTA: Usa marcapasos. Prohibido gimnasia pasiva o corrientes galvánicas.', '60333222'),
('2025-04-04', 'Dermatitis atópica. Hacer prueba de parche antes de usar cremas nuevas.', '1091222028'),
('2025-05-15', 'ALERTA: Presentó enrojecimiento severo. Registrar intolerancia al ácido glicólico.', '1091444555'),
('2025-06-17', 'Toma aspirina a diario. Alta propensión a hematomas tras masajes.', '1091222030'),
('2025-07-22', 'Control general. Todo normal.', '1091222031'),
('2025-08-14', 'Piel mixta. Control sin novedades.', '1116222333'),
('2025-09-09', 'Control flacidez corporal. Todo normal.', '40222333'),
('2025-10-23', 'Sufre de claustrofobia. No poner máscaras LED cerradas ni tapar ojos.', '1091222034'),
('2025-11-14', 'Rosácea activa. No usar vapor caliente ni exfoliantes físicos duros.', '1091222035'),
('2025-12-11', 'Control general. Todo normal.', '1095777888'),
('2025-12-19', 'Apta para protocolo programado. Sin novedades.', '1091222037'),
('2025-12-23', 'Superó cáncer de piel. Exigir autorización del oncólogo antes de usar láser.', '1091222038'),
('2025-12-30', 'Sufre de presión baja. Levantar despacio de la camilla para evitar mareos.', '1091222039'),
('2026-01-15', 'Control general con autorización de la madre. Todo normal.', '1092888999'),
('2026-02-11', 'ALERTA: Alergia severa a mariscos y yodo. No aplicar envolturas de algas.', '1091222041'),
('2026-03-04', 'Control post-masaje. Todo normal.', '1091222002'),
('2026-03-25', 'Piel hidratada y sana. Sin novedades.', '27555001'),
('2026-04-08', 'Mejoría notable en acné. Se continúa limpieza suave.', '1092555666'),
('2026-04-29', 'Piel estable, no volvió a presentar sensibilidad.', '1091222012');

-- ============================================================
INSERT INTO medical_records (registration_date, description, customer_id)
VALUES
-- Nuevos clientes
('2022-03-15', 'Primera visita. Sin antecedentes relevantes. Control general.', '1098765432'),
('2021-06-10', 'Piel grasa con tendencia a comedones. Recomendado limpieza mensual.', '79654321'),
('2023-09-05', 'Piel sensible. No tolera exfoliantes físicos fuertes.', '1094321098'),
('2020-11-20', 'Osteoporosis. Evitar presión fuerte en masajes corporales.', '52876543'),
('2022-07-18', 'Primera visita. Joven sin antecedentes. Todo normal.', '1099887766'),
('2024-02-10', 'Piel con manchas solares. Indicado tratamiento antimanchas progresivo.', '1097654321'),
('2021-04-22', 'Hernia lumbar L4-L5. Masajes en espalda solo con autorización médica.', '80123456'),
('2023-11-14', 'Primera visita. Acné leve. Control de limpieza indicado.', '1093210987'),
('2024-05-06', 'Menor de edad. Autorización firmada por acudiente. Sin restricciones.', '1116990001'),
('2024-08-11', 'Menor de edad. Autorización firmada por acudiente. Piel normal.', '1116990002'),
('2020-09-25', 'Rosacea leve. Evitar calor excesivo y vapor en tratamientos faciales.', '63456789'),
('2022-12-05', 'Piel mixta. Propensa a manchas post-inflamatorias. Usar protector solar.', '1091888777'),
('2023-04-19', 'Paciente masculino. Primera visita. Control de pelo encarnado en barba.', '1092111222'),
('2024-09-30', 'Sin antecedentes. Piel joven y sana. Acné ocasional por estrés.', '1095432109'),
('2021-02-17', 'Fibromialgia. Masajes con presión muy suave únicamente.', '43210987'),
('2022-10-08', 'Primera visita. Control general. Todo en orden.', '1091000222'),
('2023-06-23', 'Tiroidectomía hace 2 años. Piel muy seca. Máxima hidratación recomendada.', '1096543210'),
('2020-04-14', 'Lupus cutáneo. Evitar exposición a luz LED de alta potencia.', '91234567'),
('2024-11-18', 'Primera visita. Sin antecedentes. Piel joven normal.', '1092345678'),
('2022-05-30', 'Ansiedad. Responde bien a masajes relajantes. Recomendado mensualmente.', '1098001122'),
('2023-08-17', 'ALERTA: Alergia al níquel. No usar instrumentos metálicos sin revisar.', '1091777666'),
('2021-07-29', 'Artritis en manos. No realizar presión digital fuerte en manos.', '37123456'),
('2025-01-07', 'Primera visita con autorización de madre. Todo normal.', '1094567890'),
('2024-04-16', 'Piel con cicatrices de acné antiguo. Indicado microdermoabrasión gradual.', '1091555444'),
('2023-03-12', 'Primera visita. Piel normal. Requiere hidratación frecuente.', '1099001100'),

-- Seguimientos de clientes existentes (uno a muchos en medical_records)
('2022-04-10', 'Seguimiento acné: mejora notable con tratamiento LED. Continuar.', '1092555666'),
('2022-06-22', 'Reagudización leve acné en mentón. Ajuste de protocolo.', '1092555666'),
('2021-09-14', 'Tensión arterial estable. Continúa contraindicado alta frecuencia.', '27555001'),
('2022-11-30', 'Presión controlada con medicación. Revisar antes de cada sesión.', '27555001'),
('2023-07-05', 'Drenaje post-liposucción. Indicado mínimo 10 sesiones.', '1091222002'),
('2024-06-18', 'Seguimiento drenaje. Evolución favorable. Continuar plan.', '1091222002'),
('2022-09-01', 'Brote alérgico en antebrazo. Bajo investigación de causa.', '1091333444'),
('2023-10-15', 'Se confirmó alergia al látex y al aceite de coco. Actualizar ficha.', '1091333444'),
('2022-03-17', 'Migraña con aura. Evitar aromas fuertes en cabina.', '1091222006'),
('2024-07-09', 'Sin episodios de migraña en 6 meses. Mantenimiento normal.', '1091222006'),
('2023-05-22', 'Piel madura: hiperpigmentación en pómulos. Iniciar despigmentante.', '1091222010'),
('2024-10-14', 'Respuesta positiva a tratamiento antimanchas. Continuar 3 meses más.', '1091222010'),
('2023-01-30', 'Reacción leve a aceite de argán. Retirar de los protocolos de masaje.', '1091222004'),
('2025-03-19', 'Control post-peeling. Piel renovada. Sin brotes recientes.', '1091222004'),
('2024-02-20', 'Progresión de várices. Descartar toda terapia de presión en piernas.', '8222019'),
('2025-07-10', 'Dolor lumbar crónico. Coordinar con fisioterapeuta antes de masajes.', '8222019'),
('2025-06-04', 'Isotretinoína suspendida hace 1 mes. Esperar 3 meses para tratar.', '1091222011'),
('2025-11-20', 'Piel ya recuperada. Apta para exfoliaciones suaves nuevamente.', '1091222011'),
('2025-02-12', 'Embarazo 6 meses. Solo drenaje linfático manual y masaje de pies.', '1091222020'),
('2025-08-05', 'Post-parto. Retomar plan de cavitación y radiofrecuencia gradualmente.', '1091222020'),
('2024-03-25', 'Control acné comedónico. Poros menos visibles. Continuar limpieza.', '1092666777'),
('2025-04-14', 'Dermis más uniforme. Reducir frecuencia de limpieza a cada 45 días.', '1092666777'),
('2025-09-22', 'Herpes labial recurrente en temporada de frío. Evitar masaje facial.', '1091222025'),
('2026-01-09', 'Sin brote activo. Puede continuar tratamientos faciales con precaución.', '1091222025');